"county","Ranked_Change_Percent_Tranqusers_on2015","Ranked_Change_Percent_Stimulantusers_on2015","Ranked_Percent_Opiateusers_2016","Ranked_Percent_Tranqusers_2016","Ranked_Percent_Stimulantusers_2016","Ranked_Change_Percent_Opiateusers_on2015","Change_Percent_Tranqusers_on2015","Change_Percent_Stimulantusers_on2015","Percent_Opiateusers_2016","Percent_Tranqusers_2016","Percent_Stimulantusers_2016","Change_Percent_Opiateusers_on2015","ratethouStim_2012","ratethouSed_2012","ratethouOpi_2012","ratethouStim_2016","ratethouSed_2016","ratethouOpi_2016","rate_change_stim","rate_change_opi","rate_change_sed","Ranked_ratethouStim_2016","Ranked_ratethouSed_2016","Ranked_ratethouOpi_2016","Ranked_rate_change_stim","Ranked_rate_change_opi","Ranked_rate_change_sed","Sumrank"
"ben hill",67,82,23,46,56,5,0.0793166995779899,-0.22053337538453,2.99850074962519,1.64917541229385,1.34932533733133,1.58562790818092,2.249212776,2.249212776,0,4.498425551,15.74448943,6.747638327,2.249212775,6.747638327,13.495276654,3,3,4,16,4,2,311
"colquitt",15,22,7,3.5,3,20,0.95012374680146,0.42671458448726,3.75246872942725,3.2258064516129,2.96247531270573,0.56651294269123,2.044989775,1.022494888,1.022494888,1.022494888,7.157464213,3.067484663,-1.022494887,2.044989775,6.134969325,59,33,17,131,20,7,337.5
"pickens",35,17,111,100,49,35,0.309670168541141,0.512189423479751,1.61290322580645,1.10887096774194,1.41129032258065,0.11440172730495,0,6.114961272,0,2.038320424,14.26824297,2.038320424,2.038320424,2.038320424,8.153281698,31,5,31,18,21,5,458
"bryan",29,29,13,21,6,31,0.40641434707752,0.23389215012252,3.35802469135802,2.02469135802469,2.51851851851852,0.21666343481352,1.36239782,0,0,2.72479564,0,1.36239782,1.36239782,1.36239782,0,19,132.5,49,27,30,90,476.5
"putnam",6,38,9,5,19,25,1.26327573136084,0.10273414528734,3.4816247582205,3.09477756286267,1.93423597678917,0.36807164466739,0,8.174386921,0,0,5.449591281,2.72479564,0,2.72479564,-2.72479564,115,55,19,81.5,12,132,516.5
"coweta",139,140,12,13,15,84,-0.62917768208633,-0.75909928763163,3.35946248600224,2.46360582306831,2.16498693542367,-0.46434257491622,1.586294416,3.172588832,0,3.965736041,8.328045685,1.586294416,2.379441625,1.586294416,5.155456853,5,25,44,14,26,15,532
"franklin",43,11,73,56,22,23,0.25641025641026,0.61143984220908,2.1301775147929,1.53846153846154,1.89349112426036,0.49847588309127,2.574665294,12.87332647,0,2.574665294,7.723995881,2.574665294,0,2.574665294,-5.149330589,23,28,21,81.5,13,148,542.5
"paulding",75,33,43,36,34,45,0.01740801254921,0.21694397900849,2.50816265954289,1.75126150192936,1.64737310774711,-0.00592490005832014,0.888375605,3.553502421,0.888375605,0.888375605,7.551192644,1.332563408,0,0.444187803,3.997690223,63,29,52,81.5,43,25,559.5
"sumter",61,4,3,126,33,2,0.112160566706022,1.17670208579299,4.13223140495868,0.826446280991736,1.65289256198347,1.98937426210154,0,1.35998912,2.71997824,1.35998912,5.43995648,1.35998912,1.35998912,-1.35998912,4.07996736,47,56,50,28,136,24,570
"cherokee",38,60,65,42,27,47,0.29713268840705,-0.00112472738376002,2.1830787969643,1.69586807832849,1.75208469970955,-0.0108280817480999,0.870966337,2.612899011,1.088707921,1.088707921,4.57257327,1.52419109,0.217741584,0.435483169,1.959674259,56,61,47,40,44,50,577
"chatham",70,42,74,60,51,56,0.06159192096582,0.06309023231666,2.11621233859397,1.49450023912004,1.39885222381636,-0.16672633778733,1.179702378,3.707636045,0.505586733,1.5167602,6.067040801,2.022346934,0.337057822,1.516760201,2.359404756,42,46,33,36,29,40,579
"upson",68,108,15,54,57,27,0.0771539197031201,-0.4045137409711,3.29896907216495,1.54639175257732,1.34020618556701,0.36049340641656,0,9.36329588,7.490636704,1.872659176,16.85393258,1.872659176,1.872659176,-5.617977528,7.4906367,33,1,36,20,156,6,581
"thomas",60,46,37,64,32,32,0.11256453760969,0.00273657708937991,2.64900662251656,1.43487858719647,1.65562913907285,0.16966777954135,2.422774076,2.422774076,0,0,10.90248334,2.422774076,-2.422774076,2.422774076,8.479709264,115,12,24,146,15,4,587
"twiggs",12,53,45,28,23,4,1.05532786885246,0,2.5,1.875,1.875,1.68032786885246,0,0,0,0,0,8.333333333,0,8.333333333,0,115,132.5,3,81.5,3,90,590
"evans",5,9,38,48.5,10,12,1.3015873015873,0.66666666666667,2.64550264550265,1.58730158730159,2.38095238095238,0.93121693121694,4.470272687,8.940545373,4.470272687,8.940545373,4.470272687,0,4.470272686,-4.470272687,-4.470272686,1,63,115,2,154,143,600.5
"richmond",51,40,26,23,50,75,0.15757885199702,0.0887807661696001,2.96688741721854,1.98675496688742,1.40397350993377,-0.40423881105055,1.802532558,4.506331396,0.45063314,1.577215988,6.308863954,1.351899419,-0.22531657,0.901266279,1.802532558,37,45,51,123,35,52,608
"glynn",53,98,42,77,39,41,0.15280316181743,-0.32694525339284,2.55436658612358,1.38073869520193,1.55333103210217,0.0217495485180499,0.643500644,6.435006435,1.930501931,3.217503218,8.365508366,1.287001287,2.574002574,-0.643500644,1.930501931,12,23,54,13,127,51,630
"long",1,1,1,7,1,1,2.27482861736066,1.69966598085845,4.7970479704797,2.9520295202952,3.50553505535055,2.08824435874155,0,0,0,0,0,0,0,0,0,115,132.5,115,81.5,86.5,90,632.5
"pike",28,27,18,12,2,85,0.42906192580332,0.25615637361392,3.24825986078886,2.55220417633411,3.01624129930394,-0.46723907764001,0,0,0,2.251745102,0,0,2.251745102,0,0,27,132.5,115,15,86.5,90,638
"floyd",105,36,70,68.5,48,39,-0.0785476620552099,0.13607262324132,2.15917650012553,1.40597539543058,1.43108209892041,0.0429415032840899,1.056524036,9.508716323,2.64131009,2.64131009,11.6217644,1.584786054,1.584786054,-1.056524036,2.113048077,21,10,45,22,134,46,644.5
"harris",103,74,67,25,26,105,-0.06260352314442,-0.13695832214164,2.17566478646253,1.93392425463336,1.77276390008058,-0.6889185468708,0,0,0,3.126465531,1.563232765,1.563232765,3.126465531,1.563232765,1.563232765,14,101,46,7,27,55,650
"houston",37,115,41,19,42,99,0.29789678520675,-0.46482627498619,2.61914984972091,2.04665807929011,1.51710319164162,-0.6160585443333,1.98780811,3.975616221,2.319109462,0.993904055,7.288629738,3.644314869,-0.993904055,1.325205407,3.313013517,62,32,12,130,31,30,650
"dekalb",65,71,52,30,76,54,0.10063892528428,-0.12038183809407,2.39924017178725,1.82936901222332,1.11083581103403,-0.12852504254513,0.782678611,3.486477448,0.355763005,1.209594217,4.696071665,1.209594217,0.426915606,0.853831212,1.209594217,53,60,58,34,38,61,652
"butts",17,26,36,26,62,15,0.8466724807973,0.294906541555795,2.65811182401467,1.92483959670027,1.28322639780018,0.86116663084306,0,3.842459174,0,0,1.921229587,1.921229587,0,1.921229587,-1.921229587,115,100,35,81.5,22,122,657.5
"jackson",116,128,88,104,66,73,-0.21004278238504,-0.63025437786578,1.93745751189667,1.08769544527532,1.22365737593474,-0.39847129789198,0,1.490535102,1.490535102,2.235802653,13.41481592,3.726337755,2.235802653,2.235802653,11.924280818,28,7,11,17,18,3,659
"burke",4,138,6,10,58,36,1.45688683164204,-0.73497121832532,3.7712895377129,2.67639902676399,1.338199513382,0.11275295234705,2.095557418,0,0,0,2.095557418,2.095557418,-2.095557418,2.095557418,2.095557418,115,97,29,142,19,48,702
"henry",48,124,64,24,65,100,0.18006712111273,-0.57219322514095,2.18390804597701,1.93633952254642,1.23784261715296,-0.62075145223088,0.670702057,2.347457201,1.1737286,1.006053086,4.527238887,1.676755143,0.335351029,0.503026543,2.179781686,61,62,41,37,42,41,709
"bibb",110,75,58,41,53,64,-0.11993880368923,-0.15223356809753,2.28637860879675,1.70509591164503,1.39507847316412,-0.27263745944368,1.168326664,5.257469989,1.752489996,0.876244998,8.470368315,2.044571662,-0.292081666,0.292081666,3.212898326,64,19,30,124,47,33,718
"laurens",32,8,16,57,30,18,0.35662105599329,0.734301499459241,3.26659641728135,1.52792413066386,1.68598524762908,0.63116449927256,6.628369421,6.628369421,3.314184711,0,7.733097658,1.104728237,-6.628369421,-2.209456474,1.104728237,115,27,62,157,140,62,724
"lumpkin",34,32,25,39,44,8,0.32422256310138,0.21754288104867,2.97029702970297,1.73267326732673,1.48514851485149,1.13931111421001,1.2318305,2.463661,0,1.2318305,1.2318305,0,0,0,-1.2318305,51,103,115,81.5,86.5,117,736
"baldwin",23,12,62,107,83,37,0.599665514840337,0.599665514840337,2.20848056537102,1.06007067137809,1.06007067137809,0.0906168452973599,1.619433198,8.097165992,3.238866397,2.429149798,5.668016194,1.619433198,0.8097166,-1.619433199,-2.429149798,24,49,43,32,138,130,740
"whitfield",54,69,51,45,38,46,0.14965981944941,-0.11222891108322,2.42234811486618,1.66048056260988,1.58234030084001,-0.00721497210810007,0.85785365,8.149609677,1.286780475,0.85785365,3.002487776,2.144634125,0,0.85785365,-5.147121901,65,82,28,81.5,37,147,743.5
"worth",49,156,29,92,114,62,0.17977605631373,-1.50825555114646,2.81879194630872,1.20805369127517,0.805369127516779,-0.2660409585756,0,3.062787136,0,3.062787136,9.188361409,0,3.062787136,0,6.125574273,15,14,115,8,86.5,8,748.5
"charlton",63,2,60,70,31,52,0.10241104868914,1.4249765917603,2.24719101123596,1.40449438202247,1.68539325842697,-0.0965589887640399,0,4.210526316,0,4.210526316,0,0,4.210526316,0,-4.210526316,4,132.5,115,3,86.5,141,760
"miller",98,53,5,114.5,46,26,-0.0341513392203729,0,3.88349514563107,0.970873786407767,1.45631067961165,0.36590720593258,0,0,0,0,0,19.01140684,0,19.01140684,0,115,132.5,1,81.5,1,90,763.5
"wayne",13,73,30,34,36,17,1.03737294873029,-0.13276434329066,2.77992277992278,1.77606177606178,1.62162162162162,0.65619240134476,4.499775011,7.499625019,1.499925004,1.499925004,7.499625019,0,-2.999850007,-1.499925004,0,43,31,115,151,137,90,770
"gordon",152,125,92,135,79,67,-0.963770290793864,-0.58845753016,1.87656380316931,0.708924103419516,1.08423686405338,-0.33862607024841,1.756697409,3.513394818,0.878348704,2.635046113,8.783487044,2.635046113,0.878348704,1.756697409,5.270092226,22,16,20,31,23,13,775
"dade",33,158,11,8,5,147,0.35496957403652,-1.57381918284556,3.36134453781513,2.94117647058824,2.52100840336134,-1.81106925528832,0,2.299908004,0,0,2.299908004,2.299908004,0,2.299908004,0,115,92,26,81.5,16,90,782.5
"stephens",8,123,94,17,43,66,1.18156634425767,-0.55333834162832,1.83585313174946,2.15982721382289,1.51187904967603,-0.3380599117288,0,3.126465531,0,1.563232765,3.126465531,0,1.563232765,0,0,38,78,115,24,86.5,90,782.5
"toombs",112,94,72,144,138,51,-0.137354582981518,-0.308717984801576,2.13815789473684,0.575657894736842,0.493421052631579,-0.0900060981330402,0,15.02755051,3.339455669,3.339455669,13.35782268,5.009183503,3.339455669,1.669727834,-1.66972783,10,8,7,5,25,121,787
"irwin",9,154,8,6,136,55,1.16876310272537,-1.33123689727463,3.61111111111111,3.05555555555556,0.555555555555556,-0.16247379454927,0,0,0,7.98084597,0,0,7.98084597,0,0,2,132.5,115,1,86.5,90,795
"appling",55,44,130,131,104,24,0.14418811002662,0.023291925465839,1.27551020408163,0.76530612244898,0.892857142857143,0.405944986690326,2.780094523,2.780094523,0,0,8.34028357,5.560189046,-2.780094523,5.560189046,5.560189047,115,24,6,150,6,10,799
"muscogee",106,131,68,47,74,88,-0.0820483105643901,-0.66274304260259,2.17365197550138,1.60922300948721,1.12885793202834,-0.49225027474944,2.327566142,9.827501487,1.810329221,2.327566142,8.534409186,3.362039982,0,1.551710761,-1.293092301,26,18,14,81.5,28,118,799.5
"troup",141,144,22,9,7,142,-0.67980458153839,-0.92479964794422,2.99917830731306,2.83483976992605,2.50616269515201,-1.64517315712209,1.369769194,8.218615163,2.739538388,1.369769194,6.848845969,3.424422985,0,0.684884597,-1.369769194,46,36,13,81.5,40,119,800.5
"newton",125,83,61,93,91,61,-0.2499561814621,-0.225762917753156,2.24345658496053,1.20481927710843,0.997091815538014,-0.26550398851617,0.870738822,5.659802342,0.435369411,2.176847055,5.659802342,1.306108233,1.306108233,0.870738822,0,30,50,53,29,36,90,802
"johnson",16,25,33,80,28,6,0.900071434240813,0.31113580442893,2.73037542662116,1.36518771331058,1.70648464163823,1.33502658941186,0,0,0,0,0,0,0,0,0,115,132.5,115,81.5,86.5,90,808.5
"gwinnett",118,97,95,72,84,81,-0.21550311327777,-0.31239387713581,1.82684480199205,1.39108365656275,1.05827706747115,-0.44738375325944,1.116445238,2.232890477,0,1.116445238,7.815116669,1.116445238,0,1.116445238,5.582226192,54,26,61,81.5,33,9,811.5
"habersham",71,20,81,83,41,38,0.0519108599834801,0.4688862901296,2.01612903225806,1.34408602150538,1.54569892473118,0.07786628997522,2.196836555,6.590509666,6.590509666,1.098418278,6.590509666,3.295254833,-1.098418277,-3.295254833,0,55,42,16,134,149,90,820
"marion",3,5,59,2,4,133,1.70451817352475,1.13714569229046,2.26628895184136,3.39943342776204,2.54957507082153,-1.40602743233943,0,0,0,0,0,0,0,0,0,115,132.5,115,81.5,86.5,90,826.5
"madison",132,88,50,27,20,42,-0.4399857177411,-0.25915389133965,2.45677888989991,1.91082802547771,1.91082802547771,0.01554923348038,0,1.971608833,0,3.943217666,0,0,3.943217666,0,-1.971608833,6,132.5,115,4,86.5,126,829
"ware",39,151,53,43,115,59,0.29381742419476,-1.0956832201877,2.39808153477218,1.67865707434053,0.799360511590727,-0.22582517076718,1.376841526,11.0147322,5.507366102,1.376841526,13.76841526,1.376841526,0,-4.130524576,2.75368306,45,6,48,81.5,152,37,829.5
"hall",108,41,110,101,88,63,-0.10867552998131,0.0700260560336179,1.61347308915322,1.10705452832411,1.01283712165823,-0.272149042096,1.567029695,5.223432317,0.783514848,0.261171616,8.618663324,1.828201311,-1.305858079,1.044686463,3.395231007,70,17,38,136,34,29,835
"bulloch",129,122,66,125,96,50,-0.388432373208781,-0.55266268777211,2.18181818181818,0.848484848484849,0.96969696969697,-0.0541475650895302,0,1.992111239,1.992111239,1.992111239,5.577911471,1.992111239,1.992111239,0,3.585800232,32,51,34,19,86.5,28,838.5
"effingham",104,121,10,14,9,93,-0.0765788248669401,-0.5067138154923,3.45887778631822,2.34435049961568,2.38278247501922,-0.56298867209646,2.377744313,2.377744313,0.792581438,2.377744313,3.170325751,0,0,-0.792581438,0.792581438,25,77,115,81.5,130,63,842.5
"columbia",122,117,20,35,21,65,-0.23836278182682,-0.47386181926754,3.08312581524961,1.76686825566228,1.90916637021226,-0.27345657359084,1.020304051,0.6802027,0.34010135,1.020304051,0.34010135,1.020304051,0,0.680202701,-0.34010135,60,105,64,81.5,41,115,846.5
"brantley",21,23,27,52,85,21,0.670039517732636,0.403903110238535,2.87581699346405,1.56862745098039,1.04575163398693,0.56516230796983,0,0,0,0,0,0,0,0,0,115,132.5,115,81.5,86.5,90,849.5
"carroll",50,100,96,65,92,110,0.17771844558937,-0.34429819987067,1.81274900398406,1.43426294820717,0.99601593625498,-0.82599445151332,1.306890581,3.593949097,0.980167935,1.306890581,7.514620838,0.980167935,0,0,3.920671741,48,30,66,81.5,86.5,26,851
"fayette",79,133,83,84,68,70,0.0020756109028901,-0.68641310249109,1.98785201546107,1.30682863979385,1.21479845389288,-0.37934276552681,2.538500592,4.653917753,0.423083432,1.692333728,6.769334913,1.269250296,-0.846166864,0.846166864,2.11541716,35,37,55,128,39,45,856
"washington",27,37,40,18,18,106,0.46382804639386,0.13129816569552,2.63591433278418,2.14168039538715,1.97693574958814,-0.7197903652024,0,0,0,0,0,0,0,0,0,115,132.5,115,81.5,86.5,90,866.5
"clayton",45,79,49,29,107,86,0.2062102253182,-0.180974802201583,2.46527777777778,1.83159722222222,0.885416666666667,-0.4672987616099,0.808767035,2.628492863,0.606575276,0,4.246026932,0.808767035,-0.808767035,0.202191759,1.617534069,115,65,68,126,48,54,871
"banks",44,111,31,105,47,78,0.213552332594606,-0.44200774258703,2.77442702050663,1.08564535585042,1.4475271411339,-0.42324739809802,0,0,0,2.656042497,0,0,2.656042497,0,0,20,132.5,115,12,86.5,90,872
"hart",25,18,46,73.5,54,10,0.503984282524073,0.503984282524073,2.49307479224377,1.38504155124654,1.38504155124654,1.02464601103966,0,2.411963338,0,0,0,0,0,0,-2.411963338,115,132.5,115,81.5,86.5,129,886
"bacon",26,19,104,61,45,11,0.475563359672229,0.475563359672229,1.7156862745098,1.47058823529412,1.47058823529412,0.969417617793382,0,0,0,0,0,0,0,0,0,115,132.5,115,81.5,86.5,90,886.5
"meriwether",10,15,19,16,13,29,1.10490378646803,0.54624456859094,3.11111111111111,2.22222222222222,2.22222222222222,0.31781502172564,2.620545073,2.620545073,2.620545073,0,0,0,-2.620545073,-2.620545073,-2.620545073,115,132.5,115,148,144,131,887.5
"fulton",76,70,102,66,75,82,0.0169430622709001,-0.11522126890626,1.73947682910636,1.43075288806267,1.11207011021113,-0.46144084165128,1.974684544,4.986078474,1.678481863,1.530380522,6.664560336,1.629114749,-0.444304022,-0.049367114,1.678481862,39,39,42,125,124,53,893
"emanuel",46,64,126,136,112,69,0.187947334686466,-0.044733468646512,1.35869565217391,0.679347826086957,0.815217391304348,-0.36120606772781,2.21680337,4.433606739,0,2.21680337,8.867213478,0,0,0,4.433606739,29,15,115,81.5,86.5,18,898
"walker",123,113,34,37,29,117,-0.23980471605611,-0.45748851242433,2.68937696100403,1.74809502465262,1.70327207530255,-0.98391603813167,0,0.763533634,0.763533634,1.527067267,2.290600901,0,1.527067267,-0.763533634,1.527067267,40,94,115,25,129,56,912
"berrien",22,101,2,59,25,3,0.666953741375386,-0.35859590770053,4.78325859491779,1.49476831091181,1.79372197309417,1.96868905849395,2.213858756,2.213858756,2.213858756,0,2.213858756,0,-2.213858756,-2.213858756,0,115,95,115,145,141,90,913
"tift",100,95,143,103,120,77,-0.0454091363182298,-0.311506675143041,1.04395604395604,1.0989010989011,0.769230769230769,-0.41821814549088,0,5.089058524,4.071246819,3.053435115,7.124681934,2.03562341,3.053435115,-2.035623409,2.03562341,16,34,32,9,139,49,917
"murray",92,110,106,106,123,53,-0.0163187327110998,-0.439013711715652,1.66305133767173,1.08459869848156,0.723065798987708,-0.11064896813867,1.264222503,1.264222503,1.264222503,1.264222503,2.528445006,2.528445006,0,1.264222503,1.264222503,50,88,22,81.5,32,59,922.5
"lincoln",133,14,4,112,35,9,-0.452006815600152,0.56560015145778,3.94736842105263,0.986842105263158,1.64473684210526,1.06967057932601,0,0,0,0,0,0,0,0,0,115,132.5,115,81.5,86.5,90,927.5
"coffee",134,65,98,132,103,30,-0.474490883078144,-0.061261453228213,1.8005540166205,0.761772853185596,0.900277008310249,0.22088368695017,1.06292517,3.18877551,1.06292517,0,5.31462585,4.25170068,-1.06292517,3.18877551,2.12585034,115,58,9,133,10,43,930
"turner",85,30,14,44,64,19,0,0.23133934054007,3.34728033472803,1.67364016736402,1.25523012552301,0.61690490810687,0,4.710315591,0,0,0,0,0,0,-4.710315591,115,132.5,115,81.5,86.5,144,930.5
"baker",85,53,48,156,155,33,0,0,2.46913580246914,0,0,0.1435544071203,0,0,0,0,15.77287066,0,0,0,15.77287066,115,2,115,81.5,86.5,1,931
"clarke",56,90,90,79,89,34,0.13415826822356,-0.27142745281173,1.92848533547609,1.36601044596223,1.00441944556047,0.12470178950161,2.040214903,1.813524358,1.133452724,0,4.987191984,1.133452724,-2.040214903,0,3.173667626,115,59,59,141,86.5,34,932.5
"candler",18,99,54,48.5,37,122,0.765383779082412,-0.33050663187649,2.38095238095238,1.58730158730159,1.58730158730159,-1.18069145466406,0,0,4.135649297,0,4.135649297,0,0,-4.135649297,4.135649297,115,68,115,81.5,153,22,933
"peach",2,89,76,11,143,60,1.82801245677385,-0.266521465008311,2.09205020920502,2.64993026499303,0.418410041841004,-0.23671691408265,0,0,1.00918357,0,3.027550711,0,0,-1.00918357,3.027550711,115,81,115,81.5,132,35,940.5
"oconee",97,145,47,75,73,103,-0.03269951773641,-0.92881109862657,2.48091603053435,1.38358778625954,1.14503816793893,-0.65514871402812,0,1.51998784,0,1.51998784,3.03997568,0,1.51998784,0,1.51998784,41,80,115,26,86.5,57,945.5
"haralson",77,130,109,78,144,68,0.00858702892479002,-0.658011759322758,1.61681487469685,1.37429264349232,0.404203718674212,-0.3558710130118,1.836210062,9.181050312,1.836210062,3.672420125,5.508630187,1.836210062,1.836210063,0,-3.672420125,7,54,37,21,86.5,138,949.5
"dougherty",121,67,78,98,105,102,-0.23044670863929,-0.064667034208722,2.05346764819837,1.12359550561798,0.891127469972879,-0.65461678031617,2.07641196,4.15282392,0.830564784,0.415282392,6.644518272,1.245847176,-1.661129568,0.415282392,2.491694352,68,41,56,137,45,38,956
"brooks",114,149,145,113,139,152,-0.158127767235925,-1.02783048703353,0.980392156862745,0.980392156862745,0.490196078431373,-2.43516761543327,0,0,0,3.299241175,3.299241175,3.299241175,3.299241175,3.299241175,3.299241175,11,74,15,6,9,31,958
"white",14,21,35,38,16,115,1.03723993474451,0.45490859532873,2.65895953757225,1.73410404624277,2.08092485549133,-0.94150503850208,1.866716446,3.733432892,0,0,0,0,-1.866716446,0,-3.733432892,115,132.5,115,140,86.5,139,967
"wilkes",40,96,39,121,130,7,0.280963000684847,-0.311693328884752,2.63929618768328,0.879765395894428,0.586510263929619,1.14229019965933,0,5.561735261,0,0,5.561735261,0,0,0,0,115,52,115,81.5,86.5,90,973
"lowndes",128,103,114,90,78,114,-0.36822038204507,-0.36935929828742,1.57266811279826,1.2472885032538,1.08459869848156,-0.90444551132667,0.91016656,6.06777707,0.91016656,1.213555414,6.674554777,0.91016656,0.303388854,0,0.606777707,52,38,67,39,86.5,64,973.5
"tattnall",58,109,87,73.5,111,48,0.12276946148497,-0.431247159013648,1.93905817174515,1.38504155124654,0.831024930747922,-0.0244761901061799,3.430531732,3.430531732,0,1.715265866,0,1.715265866,-1.715265866,1.715265866,-3.430531732,34,132.5,39,138,24,137,991
"douglas",120,104,99,97,126,92,-0.22560295239765,-0.388073906930428,1.78406644109505,1.15349123346663,0.630575207628422,-0.55099075997061,0,3.312135665,0.662427133,0.331213567,3.643349232,0.9936407,0.331213567,0.331213567,0.331213567,69,72,65,38,46,65,993
"elbert",117,78,44,88,135,98,-0.21440801410646,-0.176841890061588,2.50696378830084,1.25348189415042,0.557103064066852,-0.61230226674503,4.977600796,0,0,0,2.488800398,2.488800398,-4.977600796,2.488800398,2.488800398,115,89,23,155,14,39,995
"monroe",157,114,55,33,11,126,-1.27317759581285,-0.46030666341276,2.37812128418549,1.78359096313912,2.37812128418549,-1.22449880315075,0,2.258866049,0,0,0,2.258866049,0,2.258866049,-2.258866049,115,132.5,27,81.5,17,127,996
"bartow",127,143,93,67,69,125,-0.33192401876744,-0.89854932276143,1.87590187590188,1.41895141895142,1.2025012025012,-1.20063639323269,0.940955069,2.352387673,0.470477535,1.411432604,6.586685486,0,0.470477535,-0.470477535,4.234297813,44,43,115,33,125,20,1004
"forsyth",124,106,152,145,118,71,-0.243550973629226,-0.39278765858047,0.871934604904632,0.572207084468665,0.7811080835604,-0.381547289245788,2.996815883,2.996815883,1.873009927,3.371417869,7.117437722,1.123805956,0.374601986,-0.749203971,4.120621839,8,35,60,35,128,23,1005
"spalding",91,45,84,22,63,96,-0.00362020323071999,0.0162284972411499,1.9723865877712,2.02169625246548,1.28205128205128,-0.60989189324146,2.499375156,5.831875364,2.499375156,1.666250104,4.16562526,0,-0.833125052,-2.499375156,-1.666250104,36,66,115,127,143,120,1008
"pierce",42,28,132,58,113,76,0.26899824280285,0.248097659908812,1.26874279123414,1.49942329873126,0.807381776239908,-0.40910955775915,0,2.809778028,0,0,2.809778028,0,0,0,0,115,85,115,81.5,86.5,90,1022
"cobb",119,102,112,82,82,97,-0.22214587877297,-0.36780450828978,1.59203256760686,1.34486769409712,1.06862460017447,-0.61207490736445,1.588902552,2.763308786,1.174406234,0.690827196,4.00679774,1.243488954,-0.898075356,0.0690827199999999,1.243488954,67,69,57,129,49,60,1025
"seminole",150,34,77,53,117,127,-0.85441842900302,0.177020392749245,2.08333333333333,1.5625,0.78125,-1.23992950654582,0,0,0,0,5.39083558,0,0,0,5.39083558,115,57,115,81.5,86.5,12,1025
"barrow",72,126,69,20,60,134,0.0505807858166401,-0.62458863704749,2.16618170061429,2.0368574199806,1.32557387649531,-1.40911624088083,1.298448354,4.54456924,1.947672531,1.298448354,2.596896708,0.649224177,0,-1.298448354,-1.947672532,49,87,69,81.5,135,123,1025.5
"walton",95,68,127,86,72,121,-0.02155510983972,-0.0760464910520899,1.34153158188932,1.28563443264394,1.14589155953046,-1.10234451927578,2.117298327,3.811136989,2.540757993,0.846919331,5.928435317,1.693838662,-1.270378996,-0.846919331,2.117298328,66,48,40,135,131,44,1033
"gilmer",30,118,32,55,108,58,0.39860150398602,-0.48977500489775,2.75027502750275,1.54015401540154,0.88008800880088,-0.21776150217762,0,6.388415673,0,0,2.129471891,0,0,0,-4.258943782,115,96,115,81.5,86.5,142,1037
"towns",130,61,85,96,116,123,-0.39833256137101,-0.00308784931295403,1.96078431372549,1.17647058823529,0.784313725490196,-1.18882198548711,0,4.721435316,0,0,9.442870633,0,0,0,4.721435317,115,13,115,81.5,86.5,17,1039
"screven",78,81,113,50,70,150,0.00311839776723,-0.1948998604517,1.58102766798419,1.58102766798419,1.18577075098814,-2.1665068487811,0,0,0,0,3.243593902,0,0,0,3.243593902,115,76,115,81.5,86.5,32,1048
"talbot",85,53,71,3.5,80,135,0,0,2.1505376344086,3.2258064516129,1.0752688172043,-1.42089093701997,0,0,0,0,0,0,0,0,0,115,132.5,115,81.5,86.5,90,1048
"decatur",24,63,133,87,94,95,0.519621271559467,-0.027427226425885,1.2589928057554,1.2589928057554,0.989208633093525,-0.58943602973443,1.822157434,0,0,0,3.644314869,0,-1.822157434,0,3.644314869,115,71,115,139,86.5,27,1049.5
"greene",7,53,105,62.5,141,13,1.20078665708559,0,1.70316301703163,1.45985401459854,0.48661800486618,0.92596094449277,0,3.849114704,0,0,0,0,0,0,-3.849114704,115,132.5,115,81.5,86.5,140,1052
"liberty",144,107,57,109,67,144,-0.75340349257696,-0.40322659506017,2.32558139534884,1.00422832980972,1.21564482029598,-1.69847040853645,2.233264474,16.74948356,3.349896712,3.349896712,8.374741779,0.558316119,1.116632238,-2.791580593,-8.374741781,9,22,70,30,145,154,1058
"jenkins",66,13,107,127,17,57,0.090444534888979,0.59241170352281,1.64609053497942,0.823045267489712,2.05761316872428,-0.18541129652241,0,4.868549172,0,0,0,0,0,0,-4.868549172,115,132.5,115,81.5,86.5,145,1062.5
"randolph",11,53,63,62.5,155,40,1.10143107553044,0,2.18978102189781,1.45985401459854,0,0.0392433874892104,0,7.745933385,0,0,0,0,0,0,-7.745933385,115,132.5,115,81.5,86.5,153,1068
"mcduffie",102,39,56,31.5,14,132,-0.0498132004981302,0.0907311866216003,2.33766233766234,1.81818181818182,2.20779220779221,-1.39832769969756,0,9.372071228,2.343017807,0,2.343017807,0,0,-2.343017807,-7.029053421,115,91,115,81.5,142,150,1069
"wheeler",41,6,147,71,52,108,0.27803040145511,0.836689619332205,0.930232558139535,1.3953488372093,1.3953488372093,-0.745745095491745,0,16.87763713,8.438818565,0,8.438818565,0,0,-8.438818565,-8.438818565,115,20,115,81.5,158,155,1069.5
"jones",136,150,103,108,109,89,-0.55098474952925,-1.03886410286858,1.71673819742489,1.03004291845494,0.858369098712446,-0.49670053775298,0,0,0,2.913752914,1.456876457,0,2.913752914,0,1.456876457,17,102,115,10,86.5,58,1083.5
"morgan",138,66,119,147,101,74,-0.598217515155454,-0.064172121296977,1.46862483311081,0.400534045393859,0.934579439252336,-0.40403434291915,0,5.922416346,0,0,2.961208173,2.961208173,0,2.961208173,-2.961208173,115,83,18,81.5,11,133,1086.5
"camden",137,120,122,124,100,138,-0.594574507617985,-0.499607745984557,1.42450142450142,0.854700854700855,0.949667616334283,-1.5814030306784,1.571832757,7.073247406,2.357749135,3.143665514,3.929581892,2.357749135,1.571832757,0,-3.143665514,13,70,25,23,86.5,135,1093.5
"polk",52,35,129,51,97,79,0.1561327085168,0.141490803097798,1.33091349062311,1.57289776164549,0.967937084089534,-0.44004282578775,2.108814846,2.108814846,1.054407423,1.054407423,1.054407423,0,-1.054407423,-1.054407423,-1.054407423,58,104,115,132,133,116,1101
"fannin",99,10,144,130,87,107,-0.041799903860221,0.62177356992079,1.02827763496144,0.77120822622108,1.02827763496144,-0.73323998021471,2.759381898,0,0,0,5.518763797,0,-2.759381898,0,5.518763797,115,53,115,149,86.5,11,1106.5
"rockdale",109,119,123,117,125,87,-0.113575113575114,-0.490321465931219,1.42276422764228,0.925925925925926,0.632339656729901,-0.46912766424961,1.085953195,2.171906391,1.628929793,1.085953195,4.343812782,1.085953195,0,-0.542976598,2.171906391,57,64,63,81.5,126,42,1113.5
"clay",85,53,159,1,155,43.5,0,0,0,3.84615384615385,0,0,0,0,0,0,0,0,0,0,0,115,132.5,115,81.5,86.5,90,1117
"lee",155,92,28,76,24,136,-1.11108967433246,-0.28399444358698,2.82894736842105,1.38157894736842,1.84210526315789,-1.42325204506869,0,3.926187672,0,0,1.963093836,0,0,0,-1.963093836,115,98,115,81.5,86.5,125,1132
"taliaferro",85,53,21,156,155,43.5,0,0,3.03030303030303,0,0,0,0,0,0,0,0,0,0,0,0,115,132.5,115,81.5,86.5,90,1134
"atkinson",74,24,100,141,106,14,0.0219154065307909,0.317773394696471,1.77514792899408,0.591715976331361,0.887573964497041,0.920447074293225,0,5.130836326,0,0,0,0,0,0,-5.130836326,115,132.5,115,81.5,86.5,146,1135.5
"schley",115,3,108,91,8,124,-0.18692239817954,1.32587191752194,1.63934426229508,1.22950819672131,2.45901639344262,-1.19351692750662,0,0,9.689922481,0,0,0,0,-9.689922481,0,115,132.5,115,81.5,159,90,1142
"bleckley",143,43,157,142,131,141,-0.701969384244923,0.0333247334021329,0.389863547758285,0.584795321637427,0.584795321637427,-1.63219527577112,0,2.437835202,0,0,2.437835202,4.875670405,0,4.875670405,0,115,90,8,81.5,7,90,1148.5
"jeff davis",113,91,156,152,149,91,-0.138516516666608,-0.27310601868545,0.530503978779841,0.26525198938992,0.26525198938992,-0.546212037370899,0,13.03356142,0,0,6.51678071,6.51678071,0,6.51678071,-6.51678071,115,44,5,81.5,5,149,1151.5
"mcintosh",59,76,86,114.5,95,101,0.116172931706912,-0.168727353193373,1.94174757281553,0.970873786407767,0.970873786407767,-0.62235499128703,0,0,0,0,0,0,0,0,0,115,132.5,115,81.5,86.5,90,1152
"jefferson",20,80,121,119,122,111,0.674801333842095,-0.194103887054764,1.44665461121157,0.904159132007233,0.723327305605787,-0.84692337043981,0,0,2.808199944,0,2.808199944,0,0,-2.808199944,2.808199944,115,86,115,81.5,146,36,1152.5
"pulaski",69,157,124,99,148,80,0.0678166003243401,-1.56199321833996,1.40056022408964,1.12044817927171,0.280112044817927,-0.44154503906825,0,10.44386423,5.221932115,0,15.66579635,0,0,-5.221932115,5.22193212,115,4,115,81.5,155,14,1161.5
"catoosa",64,112,116,81,77,94,0.10208644809627,-0.45202791201593,1.53667729776747,1.36271383009568,1.101768628588,-0.57414064418504,0,0,0,0,0,0,0,0,0,115,132.5,115,81.5,86.5,90,1164.5
"treutlen",85,31,115,156,40,120,0,0.23060227889311,1.54639175257732,0,1.54639175257732,-1.0851871947911,0,0,0,0,0,0,0,0,0,115,132.5,115,81.5,86.5,90,1167.5
"quitman",85,53,79,156,155,22,0,0,2.04081632653061,0,0,0.52566481137909,0,0,0,0,0,0,0,0,0,115,132.5,115,81.5,86.5,90,1170.5
"telfair",19,127,97,85,150,28,0.696943817483069,-0.629842005734154,1.80412371134021,1.28865979381443,0.257731958762887,0.32483377051181,0,3.164556962,0,0,0,0,0,0,-3.164556962,115,132.5,115,81.5,86.5,136,1172.5
"oglethorpe",111,137,101,15,55,90,-0.12712775064019,-0.71759790475982,1.74081237911025,2.321083172147,1.35396518375242,-0.51907462653947,0,3.016591252,0,0,0,0,0,0,-3.016591252,115,132.5,115,81.5,86.5,134,1173.5
"stewart",94,62,82,111,90,119,-0.0204081632653099,-0.0204081632653099,2,1,1,-1.06122448979592,0,0,0,0,0,0,0,0,0,115,132.5,115,81.5,86.5,90,1178.5
"chattooga",142,132,24,94,93,83,-0.6954043321855,-0.671890897663822,2.97324083250743,1.18929633300297,0.991080277502478,-0.46356626283625,0,0,0,0,0,0,0,0,0,115,132.5,115,81.5,86.5,90,1188.5
"lanier",73,84,151,143,132,118,0.033639829558197,-0.241085445167078,0.87463556851312,0.583090379008746,0.583090379008746,-1.0484413545638,0,9.025270758,0,0,0,9.025270758,0,9.025270758,-9.025270758,115,132.5,2,81.5,2,156,1190
"grady",93,85,136,123,81,149,-0.0178631028209599,-0.24138692890955,1.18025751072961,0.858369098712446,1.07296137339056,-2.10561324502066,2.106149958,6.318449874,0,0,8.424599832,0,-2.106149958,0,2.106149958,115,21,115,143,86.5,47,1194.5
"echols",131,7,128,137.5,59,113,-0.432234432234433,0.783882783882781,1.33333333333333,0.666666666666667,1.33333333333333,-0.86446886446887,0,0,0,0,0,0,0,0,0,115,132.5,115,81.5,86.5,90,1196
"warren",85,72,148,31.5,102,156,0,-0.121836925960641,0.909090909090909,1.81818181818182,0.909090909090909,-3.21462043111528,0,0,0,0,0,0,0,0,0,115,132.5,115,81.5,86.5,90,1215
"early",31,135,91,89,110,140,0.379247157925443,-0.693311210582452,1.87891440501044,1.25260960334029,0.835073068893528,-1.61453537664895,0,0,0,0,0,0,0,0,0,115,132.5,115,81.5,86.5,90,1216.5
"hancock",85,53,131,156,155,16,0,0,1.27388535031847,0,0,0.741970456701449,0,0,0,0,0,0,0,0,0,115,132.5,115,81.5,86.5,90,1216.5
"crisp",62,105,140,140,140,146,0.107243534746906,-0.391592106875843,1.09756097560976,0.609756097560976,0.48780487804878,-1.79188626057114,2.203128442,6.609385327,0,0,11.01564221,0,-2.203128442,0,4.406256883,115,11,115,144,86.5,19,1223.5
"dodge",148,146,118,102,124,104,-0.80954641756006,-0.949349867045984,1.5130674002751,1.10041265474553,0.687757909215956,-0.66974296807415,2.576655501,7.729966503,0,0,12.88327751,0,-2.576655501,0,5.153311007,115,9,115,147,86.5,16,1230.5
"dawson",135,152,150,110,127,131,-0.53232254189192,-1.14438990037076,0.87719298245614,1.00250626566416,0.6265664160401,-1.36601835166428,0,0,0,0,0,3.824091778,0,3.824091778,0,115,132.5,10,81.5,8,90,1242
"mitchell",47,136,80,116,98.5,72,0.183994563796978,-0.694161308870418,2.02380952380952,0.952380952380952,0.952380952380952,-0.39111912602583,3.910833007,3.910833007,0,0,1.955416504,0,-3.910833007,0,-1.955416503,115,99,115,154,86.5,124,1243
"calhoun",36,93,120,122,147,112,0.299158300375215,-0.285637021262212,1.46198830409357,0.87719298245614,0.292397660818713,-0.85015042423013,0,0,0,0,0,0,0,0,0,115,132.5,115,81.5,86.5,90,1250.5
"union",57,77,141,118,142,49,0.123068834908534,-0.174686054986678,1.06221547799697,0.910470409711684,0.455235204855842,-0.04014672672744,7.079646018,10.61946903,0,0,3.539823009,0,-7.079646018,0,-7.079646021,115,73,115,159,86.5,151,1283.5
"glascock",101,147,117,133,12,158,-0.048875855327468,-0.95307917888563,1.51515151515152,0.757575757575758,2.27272727272727,-3.32355816226783,0,0,0,0,0,0,0,0,0,115,132.5,115,81.5,86.5,90,1288.5
"heard",151,16,154,139,61,159,-0.889110889110891,0.529470529470531,0.649350649350649,0.649350649350649,1.2987012987013,-3.96603396603397,0,0,0,0,0,0,0,0,0,115,132.5,115,81.5,86.5,90,1300.5
"chattahoochee",156,87,139,149,121,151,-1.12353362339594,-0.25701749554809,1.1070110701107,0.3690036900369,0.738007380073801,-2.37557599456592,0,10.63726912,2.901073397,2.901073397,2.901073397,0,2.901073397,-2.901073397,-7.736195723,18,84,115,11,147,152,1330
"jasper",146,153,75,68.5,137,143,-0.78090333220361,-1.26202364023242,2.10896309314587,1.40597539543058,0.527240773286467,-1.66837289094956,0,0,0,0,0,0,0,0,0,115,132.5,115,81.5,86.5,90,1343
"webster",85,86,146,156,98.5,154,0,-0.252438324727478,0.952380952380952,0,0.952380952380952,-2.66207687894435,0,0,0,0,0,0,0,0,0,115,132.5,115,81.5,86.5,90,1346
"taylor",153,155,137,128,119,129,-1.01052048726468,-1.36766334440753,1.16279069767442,0.775193798449612,0.775193798449612,-1.33720930232558,0,6.024096386,0,0,6.024096386,0,0,0,0,115,47,115,81.5,86.5,90,1356
"wilkinson",149,142,153,137.5,145,148,-0.834834834834833,-0.867867867867867,0.666666666666667,0.666666666666667,0.333333333333333,-2.03603603603603,0,0,0,0,4.140786749,0,0,0,4.140786749,115,67,115,81.5,86.5,21,1360.5
"montgomery",85,53,142,156,155,155,0,0,1.04712041884817,0,0,-2.77453563210724,0,0,0,0,0,0,0,0,0,115,132.5,115,81.5,86.5,90,1366.5
"wilcox",140,129,89,129,71,116,-0.666648148662538,-0.64025999277798,1.93050193050193,0.772200772200772,1.15830115830116,-0.94719591122469,5.524861878,0,0,0,0,0,-5.524861878,0,0,115,132.5,115,156,86.5,90,1369
"clinch",107,134,149,120,146,109,-0.086484552069665,-0.688894190623882,0.903614457831325,0.903614457831325,0.301204819277108,-0.746550558670325,6.662225183,6.662225183,0,0,6.662225183,0,-6.662225183,0,0,115,40,115,158,86.5,90,1369.5
"crawford",158,141,17,95,129,145,-1.33455365884807,-0.847132944531949,3.25443786982249,1.18343195266272,0.591715976331361,-1.78153335319909,0,10.01001001,0,0,0,0,0,0,-10.01001001,115,132.5,115,81.5,86.5,157,1372.5
"lamar",154,159,138,40,133,139,-1.03924721577036,-1.84324935977607,1.14942528735632,1.72413793103448,0.574712643678161,-1.61395985944852,0,4.591368228,0,0,2.295684114,0,0,0,-2.295684114,115,93,115,81.5,86.5,128,1382
"terrell",126,148,125,150,86,128,-0.31843106599685,-0.95529319799055,1.3840830449827,0.346020761245675,1.03806228373702,-1.2737242639874,0,0,0,0,0,0,0,0,0,115,132.5,115,81.5,86.5,90,1383.5
"macon",147,53,158,151,155,157,-0.807889138059915,0,0.267379679144385,0.267379679144385,0,-3.31684971153661,0,3.290556104,3.290556104,0,3.290556104,0,0,-3.290556104,0,115,75,115,81.5,148,90,1445.5
"dooly",159,53,134,146,155,153,-1.48923053211575,0,1.21951219512195,0.40650406504065,0,-2.57195699919085,0,0,3.663003663,0,0,0,0,-3.663003663,0,115,132.5,115,81.5,151,90,1485
"cook",96,116,155,134,134,130,-0.029503187397925,-0.468046994362787,0.568990042674253,0.711237553342816,0.568990042674253,-1.35693588325168,3.043213634,15.21606817,6.086427267,0,3.043213634,0,-3.043213634,-6.086427267,-12.172854536,115,79,115,152,157,159,1542
"rabun",145,139,135,148,128,137,-0.756867767355463,-0.749945196312579,1.19760479041916,0.399201596806387,0.598802395209581,-1.49989039262516,3.615328995,10.84598699,3.615328995,0,0,0,-3.615328995,-3.615328995,-10.84598699,115,132.5,115,153,150,158,1655.5
